[
  {
    "id": 1,
    "attributes": {
      "name": "Dr. Sapnna Vaderra",
      "profession": "Cranio-Maxilofacial & Facial Plastic Surgeon",
      "description": "<p><span style=\"font-family:Poppins, Helvetica, Arial, Lucida, sans-serif;\">Courses Director, Mentor &amp; Consulting Facial Cosmetic Surgeon, Stellar Aesthetics</span></p>",
      "createdAt": "2022-12-23T17:11:53.050Z",
      "updatedAt": "2023-01-01T10:11:57.297Z",
      "publishedAt": "2022-12-23T17:11:55.204Z",
      "img": {
        "data": {
          "id": 69,
          "attributes": {
            "name": "https://res.cloudinary.com/dcjhzzypt/image/upload/v1674712041/sapna_sq_oqiwtf.webp"
          }
        }
      },
      "socialLinks": [
        {
          "id": 1,
          "url": "https://www.facebook.com/drsapnavadera/",
          "icon": "ic:baseline-facebook"
        },
        {
          "id": 2,
          "url": "https://www.instagram.com/dr.sapnavadera/",
          "icon": "ph:instagram-logo-fill"
        },
        {
          "id": 3,
          "url": "https://www.linkedin.com/in/sapnavadera",
          "icon": "mdi:linkedin"
        }
      ]
    }
  },
  {
    "id": 2,
    "attributes": {
      "name": "Dr. Piyush Tammewar",
      "profession": "Dermatologist, M.B.B.S, D.D.V",
      "description": "<p>Dermatologist, M.B.B.S, D.D.V &amp; Course Mentor, Stellar Aesthetics</p>",
      "createdAt": "2022-12-23T17:12:28.773Z",
      "updatedAt": "2022-12-23T17:12:31.856Z",
      "publishedAt": "2022-12-23T17:12:31.849Z",
      "img": {
        "data": {
          "id": 70,
          "attributes": {
            "name": "https://res.cloudinary.com/dcjhzzypt/image/upload/v1674712037/dr-piyush_retboy.webp"
          }
        }
      },
      "socialLinks": []
    }
  },
  {
    "id": 3,
    "attributes": {
      "name": "Dr. Nihar Chandak",
      "profession": "Laproscopic & Minimal Access Surgeon",
      "description": "<p>Consultant General &amp; Laproscopic Surgeon, Stellar Aesthetics</p>",
      "createdAt": "2022-12-23T17:13:06.988Z",
      "updatedAt": "2022-12-23T17:13:09.133Z",
      "publishedAt": "2022-12-23T17:13:09.125Z",
      "img": {
        "data": {
          "id": 68,
          "attributes": {
            "name": "https://res.cloudinary.com/dcjhzzypt/image/upload/v1674712041/nihar_sq_yijhxf.webp"
          }
        }
      },
      "socialLinks": []
    }
  },
  {
    "id": 4,
    "attributes": {
      "name": "Dr. Sankarsan Choudhury",
      "profession": "Cleft & Craniofacial Surgeon",
      "description": "<p>Consultant Cleft &amp; Craniofacial Surgeon, Stellar Aesthetics</p>",
      "createdAt": "2022-12-23T17:13:54.904Z",
      "updatedAt": "2022-12-23T17:13:58.145Z",
      "publishedAt": "2022-12-23T17:13:58.138Z",
      "img": {
        "data": {
          "id": 66,
          "attributes": {
            "name": "https://res.cloudinary.com/dcjhzzypt/image/upload/v1674712041/sankarshan_sq_lbrlcg.webp"
          }
        }
      },
      "socialLinks": []
    }
  },
  {
    "id": 5,
    "attributes": {
      "name": "Dr. Ashok Suthar",
      "profession": "Hair Transplant Surgeon",
      "description": "<p>Consulting Hair Transplant Surgeon &amp; Course Mentor, Stellar Aesthetics</p>",
      "createdAt": "2022-12-23T17:14:33.957Z",
      "updatedAt": "2022-12-23T17:14:35.863Z",
      "publishedAt": "2022-12-23T17:14:35.858Z",
      "img": {
        "data": {
          "id": 65,
          "attributes": {
            "name": "https://res.cloudinary.com/dcjhzzypt/image/upload/v1674712035/ashok_sq_stkzyk.webp"
          }
        }
      },
      "socialLinks": []
    }
  },
  {
    "id": 6,
    "attributes": {
      "name": "Dr. Chinmay Rao",
      "profession": "Cranio Maxillofacial & Reconstructive Surgeon M.D.S [OMFS]",
      "description": "<p>Cranio Maxillofacial &amp; Reconstructive Surgeon M.D.S [OMFS] &amp; Course Mentor, Stellar Aesthetics</p>",
      "createdAt": "2022-12-23T17:15:03.400Z",
      "updatedAt": "2022-12-23T17:15:06.093Z",
      "publishedAt": "2022-12-23T17:15:06.087Z",
      "img": {
        "data": {
          "id": 67,
          "attributes": {
            "name": "https://res.cloudinary.com/dcjhzzypt/image/upload/v1674712037/dr-chimney-row_vjyhje.webp"
          }
        }
      },
      "socialLinks": []
    }
  }
]
