[
  {
    "id": 1,
    "attributes": {
      "title": "What makes Stellar Aesthetics unique?",
      "description": "<p>The teaching method at Stellar Aesthetics is more practical and patient based. You get to learn everything on Patients with FULL HANDS-ON EXPERIENCE. &nbsp;Complementary mini Cosmetic Armamentarium for you with the cosmetics products with which you can right away start with your Facial Cosmetic practice. Apart from this, if you enrol for this course, you are enrolling for yourself a Life-time mentor to guide you with all the problems you might face in your initial days of Facial Cosmetic Practice.</p>",
      "createdAt": "2023-01-12T09:29:20.005Z",
      "updatedAt": "2023-01-12T09:36:33.462Z",
      "publishedAt": "2023-01-12T09:36:33.457Z"
    }
  },
  {
    "id": 2,
    "attributes": {
      "title": "What are the dates for the Courses?",
      "description": "<p>Kindly get in touch with us on +917999506817 or connect on <a href=\"https://api.whatsapp.com/send/?phone=917999506817&amp;text=Hello+Team+Stellar+Aesthetics.%0D%0AI+would+like+to+get+more+info+about%3A+%2ACourse%20Dates\">WhatsApp</a> to know more about the upcoming batches.</p>",
      "createdAt": "2023-01-12T09:30:56.339Z",
      "updatedAt": "2023-01-12T09:36:23.229Z",
      "publishedAt": "2023-01-12T09:36:23.223Z"
    }
  },
  {
    "id": 3,
    "attributes": {
      "title": "What is the course Venue?",
      "description": "<p>The course will be conducted in <strong>Mumbai, India.</strong></p>",
      "createdAt": "2023-01-12T09:31:28.005Z",
      "updatedAt": "2023-01-12T09:36:28.667Z",
      "publishedAt": "2023-01-12T09:36:28.660Z"
    }
  },
  {
    "id": 4,
    "attributes": {
      "title": "Is it a Virtual Event or a Live Training Workshop?",
      "description": "<p>It’s a live training event to be held in Mumbai with Live Lectures, Demonstration and Hands-On training on patients.</p>",
      "createdAt": "2023-01-12T09:32:01.630Z",
      "updatedAt": "2023-01-12T09:36:02.558Z",
      "publishedAt": "2023-01-12T09:36:02.551Z"
    }
  },
  {
    "id": 5,
    "attributes": {
      "title": "How can I get myself enrolled for the course?",
      "description": "<p>You can call us on <a href=\"tel: +917999506817\">+917999506817</a> or even <a href=\"https://web.whatsapp.com/send?phone=917999506817&amp;text=Hello%20Team%20Stellar%20Aesthetics.%0D%0AI%20would%20like%20to%20get%20more%20info%20about%3A%20*Certification%20in%20Facial%20Cosmetics*\">WhatsApp</a> us and our Team will assist you.</p>",
      "createdAt": "2023-01-12T09:33:05.005Z",
      "updatedAt": "2023-01-12T09:34:58.792Z",
      "publishedAt": "2023-01-12T09:34:58.785Z"
    }
  },
  {
    "id": 6,
    "attributes": {
      "title": "Do I get Hands-On?",
      "description": "<p>At Stellar Aesthetics <strong>Facial Cosmetic Course</strong>, you get <strong>Hands-On for all the procedures</strong>.</p>",
      "createdAt": "2023-01-12T09:33:54.760Z",
      "updatedAt": "2023-01-12T09:34:53.150Z",
      "publishedAt": "2023-01-12T09:34:53.143Z"
    }
  },
  {
    "id": 7,
    "attributes": {
      "title": "On what all procedures do I get Hands-On?",
      "description": "<p><strong>Hands-On training</strong> will be available for all the participants for procedures including <strong>Botulinum toxins, Dermal fillers, Threads, LASERs including Fractional CO2, Q Switch LASER, Diode LASER, Pigment LASERs, MicroRF, Face Lifting devices, Chemical Peels and Hair Rejuvenation.</strong></p>",
      "createdAt": "2023-01-12T09:34:46.516Z",
      "updatedAt": "2023-01-12T09:36:17.951Z",
      "publishedAt": "2023-01-12T09:36:17.944Z"
    }
  }
]
